{"weights":[2.2087097171331567,0.008709717133155909,-2.5912902828668454,-0.7912902828668441,2.808709717133157,-0.7912902828668441,0.40870971713315596,-0.7912902828668441,0.008709717133155798,0.40870971713315596,-1.3912902828668443,0.20870971713315598,0.20870971713315598,-0.1912902828668441,-1.1912902828668441,0.008709717133155964,-0.5912902828668442,-0.7912902828668441,-0.1912902828668442,-0.7912902828668441,1.6087097171331561,-1.3912902828668443,-1.3912902828668443,0.20870971713315598,1.6087097171331561],"b":-0.7999999999999999}